"","TNMID","MetaSource","SourceData","SourceOrig","SourceFeat","LoadDate","GNIS_ID","AreaAcres","AreaSqKm","States","HUC8","Name","Shape_Leng","Shape_Area"
"177","{5C726AB4-E34B-4E9C-A1AE-477EFA5C245C}",NA,NA,NA,NA,"2012/06/11",0,928057,3755.72,"NC","03030003","Deep",4.14278534355,0.373748537859
"178","{7B35EF71-C30B-44AB-9E1D-56C0160AE22D}",NA,NA,NA,NA,"2012/06/11",0,1043157,4221.51,"NC","03030004","Upper Cape Fear",3.81823175291,0.41820385301
"179","{E67F756E-4BC3-4EF4-B59E-10C31805E673}",NA,NA,NA,NA,"2012/06/11",0,717751,2904.64,"NC","03030005","Lower Cape Fear",5.68007114627,0.284725469492
"180","{004E87ED-EA4E-40C5-806A-6ECD68ECC260}",NA,NA,NA,NA,"2012/06/11",0,1007304,4076.42,"NC","03030006","Black",4.71374330645,0.402064950828
"181","{9FE761E6-5B59-44B2-BBDA-9EAE305A3541}",NA,NA,NA,NA,"2012/06/11",0,1114417,4509.89,"NC","03030007","Northeast Cape Fear",4.30788882798,0.443984286712
"182","{280920ED-B01A-4445-9D42-6CA8FB641F7E}",NA,NA,NA,NA,"2012/06/11",0,1498783,6065.36,"NC","03040101","Upper Yadkin",6.10005942293,0.637269686703
"183","{3FB3B003-9D61-474A-9E13-EA8F1E01F3DE}",NA,NA,NA,NA,"2012/06/11",0,580160,2347.83,"NC","03040102","South Yadkin",2.6327487897,0.234343075426
"184","{60E18ABB-9D85-40FB-9DCA-547025E49E9C}",NA,NA,NA,NA,"2012/06/11",0,761479,3081.6,"NC","03040103","Lower Yadkin",3.4542128806,0.306849868342
"185","{13AD40C3-DB4A-4440-B592-577DF2E0BA73}",NA,NA,NA,NA,"2012/06/11",0,556175,2250.76,"NC","03040104","Upper Pee Dee",4.09241930462,0.222796743333
"186","{3E8F8B4A-4188-40A8-80F5-94B071428B5A}",NA,NA,NA,NA,"2012/06/11",0,907070,3670.79,"NC","03040105","Rocky",3.38597494613,0.363518143872
"187","{B942015E-A651-4026-8657-FB9918CA8F70}",NA,NA,NA,NA,"2012/06/11",0,422966,1711.68,"NC","03050102","South Fork Catawba",2.8000089941,0.170073553157
"188","{8EE5D137-91AE-4FC3-934C-9B9D4D1986E7}",NA,NA,NA,NA,"2012/06/11",0,535871,2168.59,"NC","06010202","Upper Little Tennessee",3.07381027335,0.2147231685
"189","{56DD4271-E342-4980-B07C-376CE46DD023}",NA,NA,NA,NA,"2012/06/11",0,469647,1900.6,"NC","06010203","Tuckasegee",2.63910869562,0.188589631812
"190","{E29CB7D3-53E6-4CC9-BAA6-43CF1071A9C2}",NA,NA,NA,NA,"2012/06/11",0,1508721,6105.58,"NC","03050101","Upper Catawba",7.25296867693,0.607799720594
"191","{0160AE13-8F7E-44AC-9FC1-EE9B4477C068}",NA,NA,NA,NA,"2012/06/11",0,555734,2248.98,"NC,TN","06010103","Watauga, North Carolina, Tennessee",3.02403558216,0.225671852358
"192","{A35BA980-15D3-41D7-B7CB-77F2A1386277}",NA,NA,NA,NA,"2012/06/11",0,1202818,4867.64,"NC,TN","06010105","Upper French Broad",5.19393502253,0.484205672592
"193","{2F105DCC-4E20-4DC1-A745-14B0AF12182D}",NA,NA,NA,NA,"2012/06/11",0,441222,1785.56,"NC,TN","06010106","Pigeon",2.8295902503,0.177651316399
"194","{9373E739-8DDE-4E90-806D-B27A8D8CE294}",NA,NA,NA,NA,"2012/06/11",0,1125285,4553.87,"NC,TN","06010108","Nolichucky",5.57241695925,0.455765601415
"195","{02369EC6-DC7E-4176-8409-14521F504D57}",NA,NA,NA,NA,"2012/06/11",0,675215,2732.5,"NC,TN","06010204","Lower Little Tennessee",3.32277969364,0.271364220498
"196","{6033561C-56FF-473A-BB32-42E72DEDA26A}",NA,NA,NA,NA,"2012/06/11",0,1061864,4297.21,"NC,VA","03010102","Middle Roanoke",4.89536068458,0.455188960129
"197","{EBF5A315-2A93-48E9-9552-62EF2CBBA767}",NA,NA,NA,NA,"2012/06/11",0,1204548,4874.64,"NC,VA","03010103","Upper Dan",4.34031817894,0.535931441004
"198","{2DCAEEAC-AFC4-49B4-87C9-91E127A5E7AC}",NA,NA,NA,NA,"2012/06/11",0,733793,2969.56,"NC,VA","03010104","Lower Dan",3.64640417681,0.334556294333
"199","{F429F16B-6C49-4495-A864-CDBAD6D70836}",NA,NA,NA,NA,"2012/06/11",0,357018,1444.8,"NC,VA","03010106","Roanoke Rapids",2.68810610756,0.154343253273
"200","{F1B66CF1-47FF-47C9-8C58-0974C0ED18E7}",NA,NA,NA,NA,"2012/06/11",0,531176,2149.59,"NC","03010203","Chowan",3.42655046394,0.233590055315
"201","{7A6B5AD9-0F9B-43C3-98BA-3C90A05231C0}",NA,NA,NA,NA,"2012/06/11",0,971659,3932.17,"NC,VA","03010204","Meherrin",5.3355496993,0.42088476653
"202","{A70B5383-3DA2-425E-AF65-6D4431E745F5}",NA,NA,NA,NA,"2012/06/11",0,1803643,7299.09,"NC,VA","05050001","Upper New",6.89396247675,0.769040313348
"246","{671924FA-A9C3-48EB-B028-54748F72CD99}",NA,NA,NA,NA,"2012/06/11",0,1017452,4117.49,"AL","03150109","Middle Tallapoosa",3.39678136612,0.397330176861
"247","{CDDF7CC9-CC81-4A43-9042-A5E60F9BA81B}",NA,NA,NA,NA,"2012/06/11",0,1090049,4411.28,"AL","03150110","Lower Tallapoosa",3.90567558164,0.422980575976
"248","{960EAA3B-0D3E-4A0C-AC21-515334C9F9D8}",NA,NA,NA,NA,"2012/06/11",0,1530332,6193.04,"AL","03150201","Upper Alabama",4.7509315175,0.593604512919
"249","{440C2A5D-A5C4-45C9-9038-018EE7C9153A}",NA,NA,NA,NA,"2012/06/11",0,1167265,4723.76,"AL","03150202","Cahaba",5.16455367586,0.455916291199
"250","{44BFAA19-3002-450D-83D5-D9DE24C6FF9C}",NA,NA,NA,NA,"2012/06/11",0,1426942,5774.63,"AL","03150203","Middle Alabama",4.96935952905,0.551774775859
"251","{59E66EED-B261-48C6-8807-7C5B2BCEEA6A}",NA,NA,NA,NA,"2012/06/11",0,928495,3757.49,"AL","03150204","Lower Alabama",4.22773814448,0.356735337416
"252","{9C252FA4-1910-4B08-97E9-89014F37027B}",NA,NA,NA,NA,"2012/06/11",0,511406,2069.59,"AL","03160105","Luxapallila",3.00570328611,0.201263871564
"253","{E2C07B60-FE48-489C-B67B-32A483821E1E}",NA,NA,NA,NA,"2012/06/11",0,504059,2039.86,"AL","03160107","Sipsey",4.44676714888,0.197948470464
"254","{B8D9214A-8403-41A1-AFB9-CFDFE902D54A}",NA,NA,NA,NA,"2012/06/11",0,878212,3554,"AL","03160109","Mulberry",5.16305881623,0.346566798338
"255","{D4F9BBEE-CCE5-40E1-B7FD-4BAABB0071E6}",NA,NA,NA,NA,"2012/06/11",0,637870,2581.37,"AL","03160110","Sipsey Fork",3.04363842494,0.252379323881
"256","{BC42772C-F2DB-4140-A0CD-E359277C2AE6}",NA,NA,NA,NA,"2012/06/11",0,774612,3134.75,"AL","03160111","Locust",3.83147757499,0.305386524355
"257","{81CF41A7-652F-4975-8045-AB376F7456E3}",NA,NA,NA,NA,"2012/06/11",0,797259,3226.4,"AL","03160112","Upper Black Warrior",3.9055914031,0.312835294411
"258","{34C547B3-6A17-457B-9FB8-9369B9D0CC58}",NA,NA,NA,NA,"2012/06/11",0,929948,3763.37,"AL","03160113","Lower Black Warrior",3.93873027564,0.362552763783
"259","{7E22B076-E9A9-4F0E-8E2C-D8AEDE5D059F}",NA,NA,NA,NA,"2012/06/11",0,1331670,5389.08,"AL","03160201","Middle Tombigbee-Chickasaw",4.88389635066,0.51519204856
"260","{DA6AE43F-4A04-4DDA-912F-9B3E4EC95515}",NA,NA,NA,NA,"2012/06/11",0,1034275,4185.57,"AL","03160203","Lower Tombigbee",4.22251184867,0.397551022582
"261","{8CBD3869-3429-4F3B-804A-4E57AB47B1B0}",NA,NA,NA,NA,"2012/06/11",0,583948,2363.16,"AL","03160204","Mobile-Tensaw",2.54310654112,0.222970074483
"262","{CA0D5FCD-D879-4E18-BAE7-419618D4792B}",NA,NA,NA,NA,"2012/06/11",0,544805,2204.75,"AL","03160205","Mobile Bay",2.52782378721,0.212315878538
"263","{77986DFD-AD1E-4246-BE60-F0EBCDA8364A}",NA,NA,NA,NA,"2012/06/11",0,1851559,7493,"AL","06030002","Wheeler Lake",6.6309738352,0.737111395494
"264","{B2D4C08E-F377-4744-8339-E2E301766D3C}",NA,NA,NA,NA,"2012/06/11",0,603978,2444.21,"AL","06030006","Bear",3.21581293926,0.23996915091
"265","{69CDFB1B-F140-4052-A16F-CC2426E219C7}",NA,NA,NA,NA,"2012/06/11",0,589016,2383.67,"AL","03140106","Perdido",2.74078316663,0.224534486279
"266","{6104B6E0-8720-43EC-B73D-21F27B14EE52}",NA,NA,NA,NA,"2012/06/11",0,1950182,7892.11,"AL,GA","03130002","Middle Chattahoochee-Lake Harding",5.74055436949,0.761491068361
"267","{19A0DDEF-FD84-4962-9736-1046E34CFA2E}",NA,NA,NA,NA,"2012/06/11",0,1818162,7357.85,"AL,GA","03130003","Middle Chattahoochee-Walter F",5.3207778772,0.702610021814
"268","{29620FEC-8AEB-42B0-8A98-8B27C98DB55A}",NA,NA,NA,NA,"2012/06/11",0,893913,3617.54,"AL,GA","03150108","Upper Tallapoosa",3.43677146966,0.350826085599
"269","{94B6A1DE-5B93-428C-B8EB-1F35D0F49B68}",NA,NA,NA,NA,"2012/06/11",0,1043793,4224.08,"AL,MS","03160106","Middle Tombigbee-Lubbub",5.69842576118,0.408172631779
"270","{9383186D-0426-449D-A293-62E95A3FC280}",NA,NA,NA,NA,"2012/06/11",0,907857,3673.97,"AL,MS","03160108","Noxubee",3.98475812006,0.354876602271
"271","{EE3074FC-84F9-432F-828C-56D1E251F788}",NA,NA,NA,NA,"2012/06/11",0,925488,3745.32,"AL,MS","03170002","Upper Chickasawhay",4.44734656079,0.357290241176
"272","{FF450149-4773-4599-870D-2011B9C535ED}",NA,NA,NA,NA,"2012/06/11",0,1460707,5911.28,"AL,MS,TN","06030005","Pickwick Lake",6.2075626458,0.582757658544
"273","{AFF4B9B1-4348-4339-A1CD-CED82DECE417}",NA,NA,NA,NA,"2012/06/11",0,1278591,5174.28,"AL,TN","06030001","Guntersville Lake",5.0159011013,0.508901822469
"274","{D4FF0973-97E0-4663-B2FC-B05CE4F6625E}",NA,NA,NA,NA,"2012/06/11",0,616989,2496.87,"AL,TN","06030004","Lower Elk",3.60723708758,0.246956274945
"276","{37679546-EFC4-443C-8D8D-58E56A13A851}",NA,NA,NA,NA,"2012/06/11",0,249286,1008.83,"SC","03050202","South Carolina Coastal",2.87816704689,0.0970749358397
"277","{EB1883EA-7089-450C-A87C-5630643F2623}",NA,NA,NA,NA,"2012/06/11",0,486432,1968.52,"SC","03050203","North Fork Edisto",2.9525797812,0.191377951377
"278","{02C43047-7B6C-4371-8808-707D3362B9D6}",NA,NA,NA,NA,"2012/06/11",0,555142,2246.58,"SC","03050204","South Fork Edisto",3.14159455246,0.218136161063
"279","{0D8B5BF7-2A92-4230-B416-7C321810016F}",NA,NA,NA,NA,"2012/06/11",0,418540,1693.77,"SC","03050205","Four Hole Swamp",2.56715793021,0.164078856828
"280","{EB90CC48-2264-41EF-AE75-3E1BB1F20491}",NA,NA,NA,NA,"2012/06/11",0,601738,2435.15,"SC","03050206","Edisto River",4.96214353925,0.234781256181
"281","{601F58B1-E7BD-4160-8BA9-2127DFF2C00F}",NA,NA,NA,NA,"2012/06/11",0,1209523,4894.77,"SC","03050207","Salkehatchie",5.30092889593,0.47190333845
"282","{235161EC-465B-4D8E-8C71-9790790417FB}",NA,NA,NA,NA,"2012/06/11",0,639714,2588.83,"SC","03050208","Broad-St. Helena",4.37487809848,0.24861319234
"283","{0233A6D4-AB5A-4E29-8F41-AB1F9E390540}",NA,NA,NA,NA,"2012/06/11",0,299514,1212.09,"SC","03050209","Bulls Bay",2.44113810804,0.116885538925
"284","{12E0B7A3-8BFF-4B9F-B031-07BE94F82379}",NA,NA,NA,NA,"2012/06/11",0,118466,479.42,"SC","03050210","St. Helena Island",1.47699523387,0.045905888362
"285","{3EC6EA89-E01D-4FE2-BF2D-8C4C4382B73F}",NA,NA,NA,NA,"2012/06/11",0,473663,1916.85,"SC","03060107","Stevens",2.27334371278,0.186773386914
"286","{255E031F-9727-4C06-8F51-8132A7B504E3}",NA,NA,NA,NA,"2012/06/11",0,633473,2563.58,"GA,SC","03060102","Tugaloo",3.84985753044,0.252291116956
"287","{8450B223-1309-4436-AD3F-EECC4FE8797C}",NA,NA,NA,NA,"2012/06/11",0,1176770,4762.22,"GA,SC","03060103","Upper Savannah",4.71921410788,0.465739734033
"288","{7101E449-47B1-44DC-841E-5305D9AA59B9}",NA,NA,NA,NA,"2012/06/11",0,1173158,4747.61,"GA,SC","03060106","Middle Savannah",4.57985238691,0.460000547265
"289","{1858FD90-155F-4D1F-9046-3AFDDDC5E3C5}",NA,NA,NA,NA,"2012/06/11",0,287425,1163.17,"SC,GA","03060110","Calibogue Sound-Wright River",2.91026397758,0.106559546796
"290","{584DE481-1FA0-4128-A9B8-29ECBC6CC8CF}",NA,NA,NA,NA,"2012/06/11",0,1620398,6557.52,"NC,SC","03040201","Lower Pee Dee",5.47333817383,0.643888199258
"291","{D76B74AD-1B3D-4CCB-95C6-4BA494DA5419}",NA,NA,NA,NA,"2012/06/11",0,1121773,4539.66,"NC","03040203","Lumber",5.18578952277,0.446658170517
"292","{2316FBE6-58CE-434B-B713-0506F137A2D7}",NA,NA,NA,NA,"2012/06/11",0,875330,3542.34,"NC,SC","03040204","Little Pee Dee",5.2644335261,0.347096071923
"352","{38661F27-DE74-4E5D-9798-901D78CD58CE}",NA,NA,NA,NA,"2012/06/11",0,904395,3659.96,"SC,NC","03040202","Lynches",4.93192140773,0.35833054776
"353","{0A4D5F93-C929-4471-A95D-C5FFEC50A586}",NA,NA,NA,NA,"2012/06/11",0,1318884,5337.34,"SC","03040205","Black",5.00938471338,0.519508898525
"354","{53AE4A8B-439A-4519-8C66-5A1FC08B7A3E}",NA,NA,NA,NA,"2012/06/11",0,364581,1475.41,"SC","03040207","Carolina Coastal-Sampit",4.32800137849,0.143147841231
"355","{4845C6C8-CB6A-446F-B4E5-E98E33688222}",NA,NA,NA,NA,"2012/06/11",0,804359,3255.13,"SC","03050104","Wateree",3.68134951906,0.31859054536
"356","{01DE4189-D8C9-4563-A270-4B16AAD8380D}",NA,NA,NA,NA,"2012/06/11",0,517378,2093.76,"SC","03050107","Tyger",3.17343092786,0.206297167434
"357","{370834E5-1ADB-4ABC-A419-C2006CA74681}",NA,NA,NA,NA,"2012/06/11",0,468323,1895.24,"SC","03050108","Enoree",3.31833686411,0.186297154473
"358","{2BD5321B-2F24-4E8F-8163-C448CB5534AA}",NA,NA,NA,NA,"2012/06/11",0,441350,1786.08,"SC","03050110","Congaree",2.46944206377,0.174048870953
"359","{140F032D-96B2-4F69-8E70-6269B0F0132A}",NA,NA,NA,NA,"2012/06/11",0,351153,1421.07,"SC","03050111","Lake Marion",2.31730981963,0.13800201833
"360","{3FFAC505-1A0B-47AA-BAAC-47CB8F2065C3}",NA,NA,NA,NA,"2012/06/11",0,487345,1972.22,"SC","03050112","Santee",4.3066362102,0.190955853838
"361","{3A3C518C-9918-4F48-B05B-A7DF77282CA0}",NA,NA,NA,NA,"2012/06/11",0,809132,3274.44,"SC","03050201","Cooper",3.65501790151,0.316181999564
"415","{5CC5A9EC-E3C6-4BD5-A617-18022B2C27FD}",NA,NA,NA,NA,"2012/06/11",0,187344,758.15,"AL","03140107","Perdido Bay",2.55929159884,0.0711598112176
"416","{089C0B62-A936-4338-8C65-C12DB481F198}",NA,NA,NA,NA,"2012/06/11",0,987737,3997.23,"AL","03140201","Upper Choctawhatchee",3.63179612064,0.379130095911
"417","{8D521275-638D-4F1F-95B7-7DBEE20AB2A7}",NA,NA,NA,NA,"2012/06/11",0,526131,2129.18,"AL","03140301","Upper Conecuh",4.65342861877,0.202498586355
"418","{3B9E62D2-1F0B-42B7-94E5-50D5120D03C4}",NA,NA,NA,NA,"2012/06/11",0,384108,1554.43,"AL","03140302","Patsaliga",2.95508084027,0.147994269595
"419","{DB8DCC19-316A-4054-8AF1-FDE715BDA6DC}",NA,NA,NA,NA,"2012/06/11",0,671570,2717.75,"AL","03140303","Sepulga",3.34871925153,0.258369335033
"420","{2BA74814-ACDF-461A-8F42-BDB7F546930E}",NA,NA,NA,NA,"2012/06/11",0,648994,2626.39,"AL","03140304","Lower Conecuh",3.01322343552,0.248755060367
"421","{A75B75C5-5E5A-4343-9621-05BD37EAE626}",NA,NA,NA,NA,"2012/06/11",0,1653512,6691.53,"AL","03150106","Middle Coosa",6.45001784762,0.651210480996
"422","{E053F462-D0EC-44D5-8674-B2593AFA2149}",NA,NA,NA,NA,"2012/06/11",0,1255891,5082.42,"AL","03150107","Lower Coosa",4.35685404808,0.490500319484
"602","{386F2C72-6963-4754-B1FB-7EC89466FDEF}",NA,NA,NA,NA,"2012/06/11",0,1056881,4277.05,"NC,SC","03040206","Waccamaw",5.25076935279,0.417804521989
"603","{7991D191-F23B-47C9-9591-C00C49BCF3A9}",NA,NA,NA,NA,"2012/06/11",0,436122,1764.92,"NC,SC","03040208","Coastal Carolina",4.89952613114,0.171302133134
"604","{29EFD412-FE4D-42C6-BA1B-15924D5B5427}",NA,NA,NA,NA,"2012/06/11",0,853997,3456.01,"NC,SC","03050103","Lower Catawba",3.32674648977,0.340739433427
"605","{D4296B61-68F8-4CBB-A0D7-18E28C0C76BA}",NA,NA,NA,NA,"2012/06/11",0,1586235,6419.27,"NC,SC","03050105","Upper Broad",5.1426501597,0.635688047137
"606","{A593BAE8-8305-4E74-9A7D-5DF99E9E15B9}",NA,NA,NA,NA,"2012/06/11",0,1615719,6538.59,"NC,SC","03050109","Saluda",6.63183475573,0.641011605441
"607","{B0BDB059-8D48-49F5-ACCC-791C8C468B79}",NA,NA,NA,NA,"2012/06/11",0,657932,2662.56,"NC,SC","03060101","Seneca",3.2282056452,0.262317275641
"647","{970FC13F-7A8A-4F9C-A384-B9265EEDFF91}",NA,NA,NA,NA,"2012/06/11",0,510006,2063.92,"TN","05130106","Upper Cumberland-Cordell Hull Reservoir",2.51914553492,0.207221535733
"648","{41EC7931-72B0-49FF-AEF4-D9EACF76419D}",NA,NA,NA,NA,"2012/06/11",0,503862,2039.06,"TN","05130107","Collins",2.86763403087,0.202801691017
"649","{CD59EE9A-BA3E-44FE-8657-8B259BAC38C7}",NA,NA,NA,NA,"2012/06/11",0,1149974,4653.78,"TN","05130108","Caney",4.31571857664,0.464743560776
"650","{23F8A30D-A56A-4F7B-9FB5-454DED5EDA4A}",NA,NA,NA,NA,"2012/06/11",0,630834,2552.9,"TN","05130201","Lower Cumberland-Old Hickory Lake",2.97591703879,0.256229304965
"651","{3DC61AEF-1F8F-4BBC-B9FE-EFA29871E871}",NA,NA,NA,NA,"2012/06/11",0,414365,1676.88,"TN","05130202","Lower Cumberland-Sycamore",2.6402715399,0.168086301525
"652","{69893A9B-B6B7-41CA-A386-C80D3B3F6129}",NA,NA,NA,NA,"2012/06/11",0,598843,2423.43,"TN","05130203","Stones",3.18859530817,0.241963606241
"653","{5B25DD2E-A237-472D-B72B-2800D937DA2C}",NA,NA,NA,NA,"2012/06/11",0,554905,2245.62,"TN","05130204","Harpeth",3.38363458078,0.224416269838
"654","{8D97D4F5-FBA8-4115-823E-B5F9C60A5578}",NA,NA,NA,NA,"2012/06/11",0,639981,2589.91,"TN","06010104","Holston",4.01946904414,0.259814119825
"655","{CFA29FEF-D61C-4745-B3AC-2134C6559723}",NA,NA,NA,NA,"2012/06/11",0,509776,2062.99,"TN","06010107","Lower French Broad",3.34592583449,0.205895227401
"656","{930713FB-40AD-4975-A438-83E759C41013}",NA,NA,NA,NA,"2012/06/11",0,866308,3505.83,"TN","06010201","Watts Bar Lake",6.17890493265,0.349431560446
"657","{BDEAC0BE-0CCC-4986-89BB-DD977BF7C240}",NA,NA,NA,NA,"2012/06/11",0,405485,1640.94,"TN","06010207","Lower Clinch",3.01370796914,0.164158674985
"658","{6A00B99F-4B0A-428E-92F8-1A04088230C4}",NA,NA,NA,NA,"2012/06/11",0,556068,2250.33,"TN","06010208","Emory",3.14936348879,0.225057290097
"659","{F179E9C3-F9D2-403E-BED0-8168343762E7}",NA,NA,NA,NA,"2012/06/11",0,385003,1558.05,"TN","06020004","Sequatchie",3.74214628619,0.154585640338
"660","{F88F6A28-147D-4911-9BA5-DEEE01085963}",NA,NA,NA,NA,"2012/06/11",0,1335191,5403.33,"TN,MS","06040001","Lower Tennessee-Beech",4.63992155943,0.536239865801
"661","{FE44DD4D-71A2-4C30-9039-F902ACA4EA01}",NA,NA,NA,NA,"2012/06/11",0,755870,3058.9,"TN","06040002","Upper Duck",3.90751979845,0.303979994012
"662","{D413FA4B-ACE7-4B3E-8FBA-01567B5A425C}",NA,NA,NA,NA,"2012/06/11",0,989824,4005.68,"TN","06040003","Lower Duck",4.30050200284,0.399308206226
"663","{900B7A8D-009D-46FE-9F30-F54EF032FD02}",NA,NA,NA,NA,"2012/06/11",0,488076,1975.18,"TN","06040004","Buffalo",3.38041400677,0.196259438357
"664","{F7CA4D15-1644-4F62-B327-02A9B41BD0D7}",NA,NA,NA,NA,"2012/06/11",0,740946,2998.5,"TN","08010203","South Fork Obion",3.31845359462,0.300149650921
"665","{63BDF2A7-D0FF-4FAD-BB07-E1AD502BD467}",NA,NA,NA,NA,"2012/06/11",0,610687,2471.36,"TN","08010204","North Fork Forked Deer",3.44008716996,0.24671100513
"666","{5022B876-ED81-4C4A-B2A8-9BD4F4A6CC01}",NA,NA,NA,NA,"2012/06/11",0,679074,2748.12,"TN","08010205","South Fork Forked Deer",4.27403080965,0.273385865097
"667","{6941C27A-D7D4-48D6-A3E3-99E6AC457131}",NA,NA,NA,NA,"2012/06/11",0,45565,184.4,"TN","08010206","Forked Deer",0.749431450241,0.0184277050678
"668","{89041E99-B6EF-4466-9818-31E7B86E4A44}",NA,NA,NA,NA,"2012/06/11",0,474788,1921.4,"TN","08010209","Loosahatchie",3.14903248628,0.190447004199
"669","{F735DD11-4F68-4123-AE82-430EC8D12E5E}",NA,NA,NA,NA,"2012/06/11",0,821454,3324.31,"TN,AL","06030003","Upper Elk",4.4037485296,0.329150039482
"670","{8B47ABE9-CA30-4984-AA84-184DE381BE68}",NA,NA,NA,NA,"2012/06/11",0,884881,3580.99,"KY,TN","05130104","South Fork Cumberland",4.38783475797,0.360114851888
"671","{D210EBE7-2FE0-4B3F-959C-89904FADBC42}",NA,NA,NA,NA,"2012/06/11",0,606048,2452.59,"KY,TN","05130105","Obey",3.33614418574,0.246571447866
"672","{AD7D3F53-83D7-4192-AA5F-7A48F6BAD949}",NA,NA,NA,NA,"2012/06/11",0,1493611,6044.43,"KY,TN","05130205","Lower Cumberland",7.2068777175,0.609693160411
"673","{41D604ED-638B-4BEB-A9C6-728187CA46C9}",NA,NA,NA,NA,"2012/06/11",0,930361,3765.04,"KY,TN","05130206","Red",4.42880487257,0.379396292319
"674","{7D877D5F-2DCA-4913-9326-F19AAEA1023B}",NA,NA,NA,NA,"2012/06/11",0,1161582,4700.76,"KY,TN","06040005","Kentucky Lake",5.69607208263,0.471562038607
"675","{82CC58C6-EDB6-45BF-9E33-80004D66E872}",NA,NA,NA,NA,"2012/06/11",0,841853,3406.86,"KY,TN","08010202","Obion",5.28042691433,0.342038246161
"676","{6C519FAB-61E5-4576-85E1-DDEC2F772E35}",NA,NA,NA,NA,"2012/06/11",0,936810,3791.14,"TN,MS","08010208","Lower Hatchie",4.83130927845,0.37627946241
"677","{9C1A8001-9E76-47D4-91DF-9DDE04729D98}",NA,NA,NA,NA,"2012/06/11",0,178693,723.15,"MS,TN","08010211","Horn Lake-Nonconnah",2.0067745365,0.0714235928941
"678","{9812224D-A50B-4EAB-9E37-479D0B977AAC}",NA,NA,NA,NA,"2012/06/11",0,1214158,4913.53,"TN,VA","06010205","Upper Clinch, Tennessee, Virginia",9.59537270988,0.513601259291
"679","{A32D9786-12A6-4B95-81EE-B7A30E9DD513}",NA,NA,NA,NA,"2012/06/11",0,581161,2351.88,"TN,VA","06010206","Powell",4.4913688897,0.247099553802
"723","{533C6543-6EF9-48C4-ADDA-AEDAB8712A7F}",NA,NA,NA,NA,"2012/06/11",0,702299,2842.11,"AR,TN,KY","08010100","Lower Mississippi-Memphis",8.64635837919,0.28412930109
"892","{78BFA47A-2280-4DA7-86D9-18A190C85682}",NA,NA,NA,NA,"2012/06/11",0,824821,3337.94,"SC","03050106","Lower Broad",4.26825695743,0.327523261407
"893","{B614D5E3-A547-47C1-AF9F-7EC75FEA19FA}",NA,NA,NA,NA,"2012/06/11",0,1025639,4150.62,"AL,GA","03150105","Upper Coosa",4.72937033201,0.405337263061
"895","{3C10DE18-1710-4AEC-990A-F9C5D3BC4089}",NA,NA,NA,NA,"2012/06/11",0,1492078,6038.23,"KY,TN","05130101","Upper Cumberland",6.31581070682,0.609570328618
"896","{A361D297-B2F7-4889-B76F-21FD6509F762}",NA,NA,NA,NA,"2012/06/11",0,658927,2666.59,"TN,VA","06010102","South Fork Holston",4.59903147648,0.307739848673
"924","{B1F8FA08-22F2-47B4-A164-D484E750BE6A}",NA,NA,NA,NA,"2012/06/11",0,1168010,4726.77,"MS","03170005","Lower Leaf",4.68752071341,0.449010465666
"925","{381084CD-01A2-443A-93A3-C8423D294381}",NA,NA,NA,NA,"2012/06/11",0,476028,1926.42,"MS","08030203","Yocona",3.04751720834,0.188464227861
"926","{E9F3D97D-5729-4926-AC19-5AB26522AB47}",NA,NA,NA,NA,"2012/06/11",0,838187,3392.03,"NC","03010107","Lower Roanoke",4.39517135147,0.339298529999
"927","{DDBE7867-F9AA-4318-8ECD-D745FA257037}",NA,NA,NA,NA,"2012/06/11",0,681858,2759.38,"NC","03020202","Middle Neuse",3.79319780454,0.273455084512
"1117","{65C3209C-8C70-4852-AE47-502C89EFC37A}",NA,NA,NA,NA,"2012/06/11",0,746168,3019.64,"KY,VA","05070202","Upper Levisa",3.81643166113,0.318915755879
"1121","{BAE657A1-81CE-40EA-B566-9537FD63B341}",NA,NA,NA,NA,"2012/06/11",0,1102137,4460.19,"VA,NC","03010201","Nottoway",4.86063176887,0.45138993903
"1122","{6C6A0580-5113-4D75-976C-80086B365DDE}",NA,NA,NA,NA,"2012/06/11",0,473689,1916.95,"VA,NC","03010202","Blackwater",3.30446033834,0.193992976229
"1123","{0FE1A1E3-A280-496F-865B-060616C61E45}",NA,NA,NA,NA,"2012/06/11",0,457560,1851.68,"TN,VA","06010101","North Fork Holston",4.45793529575,0.190079264535
"1353","{0B63DE20-98F9-4AEE-9E26-79611ABB09C6}",NA,NA,NA,NA,"2012/06/11",0,274159,1109.48,"FL","03070205","Nassau",2.51730561602,0.104396466142
"1354","{C9291730-33ED-4A19-87DD-7224F6466482}",NA,NA,NA,NA,"2012/06/11",0,2522690,10208.97,"FL","03080101","Upper St. Johns",9.0254116609,0.941903254262
"1355","{0BB3EE49-F209-479E-A7C2-C36C023F457C}",NA,NA,NA,NA,"2012/06/11",0,1776541,7189.41,"FL","03080102","Oklawaha",9.05960598281,0.667263705666
"1356","{63F7D71A-A814-4485-BEFB-CC16FEB0BF30}",NA,NA,NA,NA,"2012/06/11",0,1780671,7206.13,"FL","03080103","Lower St. Johns",6.38623877004,0.673408233347
"1357","{9DFF5C49-E1BB-4520-A94B-360514091FAE}",NA,NA,NA,NA,"2012/06/11",0,437266,1769.55,"FL","03080201","Daytona-St. Augustine",3.90488982891,0.164798989831
"1358","{CFA9DACF-B4B0-4FE2-AD68-F7395BFF3B2E}",NA,NA,NA,NA,"2012/06/11",0,453883,1836.8,"FL","03080202","Cape Canaveral",3.50695347974,0.169414904864
"1359","{958DF217-9C4B-4A70-ADDC-F85625EA4075}",NA,NA,NA,NA,"2012/06/11",0,311359,1260.03,"FL","03080203","Vero Beach",2.37946751039,0.115277293981
"1360","{0DDAFF5C-AA0F-4CA8-85F0-090ED5C617E4}",NA,NA,NA,NA,"2012/06/11",0,1895965,7672.7,"FL","03090101","Kissimmee",6.40504426967,0.703597891653
"1361","{60A50718-89AE-4E64-BE73-D5952EE566BE}",NA,NA,NA,NA,"2012/06/11",0,195760,792.21,"FL","03090102","Northern Okeechobee Inflow",1.74284392563,0.0722644878768
"1362","{E8F9FFA4-F21E-4C19-B36B-C9917EBF8401}",NA,NA,NA,NA,"2012/06/11",0,514687,2082.87,"FL","03090103","Western Okeechobee Inflow",2.74426348542,0.189745048891
"1363","{9294951E-B9C6-4754-A5A3-72A7398DEEC0}",NA,NA,NA,NA,"2012/06/11",0,553861,2241.4,"FL","03090201","Lake Okeechobee",2.88199859787,0.203831744591
"1364","{37F358E2-0828-4AEE-A7B3-B55771DDEA36}",NA,NA,NA,NA,"2012/06/11",0,2829209,11449.41,"FL","03090202","Everglades",6.24198518346,1.03351630266
"1365","{DB56324F-B6E9-45AA-B7A4-5519E77D6888}",NA,NA,NA,NA,"2012/06/11",0,674393,2729.17,"FL","03090203","Florida Bay-Florida Keys",5.16900040178,0.244066106266
"1366","{386FFF25-FBDA-4DFE-AC04-A2AF32328050}",NA,NA,NA,NA,"2012/06/11",0,1822562,7375.65,"FL","03090204","Big Cypress Swamp",4.78746324026,0.666064330411
"1367","{229E11BD-000E-4607-A221-E4E61BEDE59A}",NA,NA,NA,NA,"2012/06/11",0,897648,3632.66,"FL","03090205","Caloosahatchee",4.06709220636,0.329807843712
"1368","{22D2AD3E-B9B1-48CE-A812-9E8E429256CD}",NA,NA,NA,NA,"2012/06/11",0,2000680,8096.47,"FL","03090206","Florida Southeast Coast",6.9854267139,0.73301749023
"1369","{A022A223-ED11-43D4-9F38-14C6C08572BC}",NA,NA,NA,NA,"2012/06/11",0,1498241,6063.17,"FL","03100101","Peace",5.4260043468,0.553903231184
"1370","{0A96859D-7854-4A05-BD69-FB2305C31B53}",NA,NA,NA,NA,"2012/06/11",0,384805,1557.25,"FL","03100102","Myakka",2.35633986297,0.141930790069
"1371","{55DCC224-C165-4859-B32B-5780EF919686}",NA,NA,NA,NA,"2012/06/11",0,387971,1570.06,"FL","03100103","Charlotte Harbor",2.00611935666,0.142481012601
"1372","{B63E275A-095D-4272-9003-2892B616E62C}",NA,NA,NA,NA,"2012/06/11",0,255794,1035.16,"FL","03100201","Sarasota Bay",3.10763284776,0.0943347594965
"1373","{5DBE66A3-4B50-43DD-9EED-5AB5C5668163}",NA,NA,NA,NA,"2012/06/11",0,233179,943.64,"FL","03100202","Manatee",2.44215220917,0.0862177337456
"1374","{0E912F66-0C26-4308-B60B-D94DB5238657}",NA,NA,NA,NA,"2012/06/11",0,144942,586.56,"FL","03100203","Little Manatee",1.65031494066,0.0536728332182
"1375","{FCF6AAE7-06F3-481A-909B-3B6A0CECE3BE}",NA,NA,NA,NA,"2012/06/11",0,269655,1091.26,"FL","03100204","Alafia",1.77430729299,0.100036103192
"1376","{18396493-BE62-4B3A-B118-4707BBB0B39D}",NA,NA,NA,NA,"2012/06/11",0,419740,1698.63,"FL","03100205","Hillsborough",2.98742454605,0.156120567741
"1377","{0B54E178-F604-4CC5-BED5-941B8B85B5C6}",NA,NA,NA,NA,"2012/06/11",0,559399,2263.81,"FL","03100206","Tampa Bay",4.15959828392,0.207462621029
"1378","{4BB6F8ED-1AF2-4F8C-A3C4-DE32764C74C6}",NA,NA,NA,NA,"2012/06/11",0,751152,3039.81,"FL","03100207","Crystal-Pithlachascotee",5.75645758292,0.280161483439
"1379","{D8E63CFF-1FC1-4F81-9279-53AB1D607568}",NA,NA,NA,NA,"2012/06/11",0,1332562,5392.69,"FL","03100208","Withlacoochee",6.75375762394,0.498015750049
"1380","{B5C2B343-81AA-4391-9BB5-2345948534D0}",NA,NA,NA,NA,"2012/06/11",0,576734,2333.96,"FL","03110101","Waccasassa",3.92098565927,0.216864737209
"1381","{6FF2E2ED-EBC3-4F9B-AAE4-6EB20EAADF0D}",NA,NA,NA,NA,"2012/06/11",0,1189616,4814.21,"FL","03110102","Econfina-Steinhatchee",4.33806643682,0.44949309668
"1382","{721B9232-B237-4F18-9425-76CC94202162}",NA,NA,NA,NA,"2012/06/11",0,1011215,4092.25,"FL","03110205","Lower Suwannee",4.91324172962,0.382316058225
"1383","{08B11144-2AA2-4532-988E-068BEED86BBC}",NA,NA,NA,NA,"2012/06/11",0,884628,3579.97,"FL","03110206","Santa Fe",4.54875604084,0.334659218588
"1384","{BB7B21E3-6AC5-4C92-9A64-69307ECD2A86}",NA,NA,NA,NA,"2012/06/11",0,998273,4039.87,"FL","03120003","Lower Ochlockonee",5.39866530511,0.37858774584
"1385","{B00E7C42-584E-47EB-BF74-8CB64B374171}",NA,NA,NA,NA,"2012/06/11",0,717101,2902.01,"FL","03130011","Apalachicola",5.09243657903,0.27117327018
"1386","{83BB5487-5E3B-4A33-96F2-034B9FB0881F}",NA,NA,NA,NA,"2012/06/11",0,329489,1333.4,"FL","03130013","New",3.09026617826,0.124358421397
"1387","{A7EBFBAD-0494-4839-8BAB-0D570B415710}",NA,NA,NA,NA,"2012/06/11",0,171825,695.35,"FL","03130014","Apalachicola Bay",2.26610652531,0.0646539647165
"1388","{40CF3D66-2631-41E6-BF43-73C44A8009E0}",NA,NA,NA,NA,"2012/06/11",0,905230,3663.34,"FL","03140101","St. Andrew-St. Joseph Bays",4.83761353042,0.327345857201
"1389","{2B38BA81-709F-40A0-9881-67B885A98DB0}",NA,NA,NA,NA,"2012/06/11",0,442762,1791.8,"FL","03140102","Choctawhatchee Bay",2.67790629033,0.167463040616
"1390","{1F3F6D11-E518-4669-9F3E-6E240F778E2A}",NA,NA,NA,NA,"2012/06/11",0,351928,1424.2,"FL","03140105","Pensacola Bay",3.34714566101,0.132269812115
"1391","{D2E2478D-5FD1-4E1C-A567-B82EF8E9AC88}",NA,NA,NA,NA,"2012/06/11",0,829053,3355.06,"AL,FL","03130012","Chipola",5.01261685732,0.315168720296
"1392","{AEBD01EF-E524-4615-8874-6689B61762C4}",NA,NA,NA,NA,"2012/06/11",0,879620,3559.7,"AL,FL","03140103","Yellow",5.0302306219,0.335991884995
"1393","{B983A05B-001A-48E4-8073-CE121547A36E}",NA,NA,NA,NA,"2012/06/11",0,553314,2239.18,"AL,FL","03140104","Blackwater",2.70112570505,0.211179334554
"1394","{0242EA2C-C31B-435A-800A-E6DA6107CE98}",NA,NA,NA,NA,"2012/06/11",0,995275,4027.74,"AL","03140202","Pea",5.08989932049,0.382435333148
"1395","{F3FDD323-4A23-4209-898A-482AD6F65D18}",NA,NA,NA,NA,"2012/06/11",0,997678,4037.46,"AL,FL","03140203","Lower Choctawhatchee",4.17239651044,0.379255023418
"1396","{CE6E8FCA-A29E-47EB-9897-F7F582C5BD48}",NA,NA,NA,NA,"2012/06/11",0,486017,1966.84,"AL,FL","03140305","Escambia",3.34742632851,0.185767215319
"1397","{B3DEA2DE-3F5A-4B1E-A556-43473D9CBF48}",NA,NA,NA,NA,"2012/06/11",0,797771,3228.47,"AL","03130004","Lower Chattahoochee",4.57986807769,0.305265604889
"1398","{EA99CA5C-2AAF-4CAF-88F8-F04FC5458666}",NA,NA,NA,NA,"2012/06/11",0,1012583,4097.78,"FL,GA","03070204","St. Marys",5.6918173779,0.385368987589
"1399","{EE15397A-9040-40DF-AA35-4E4FA9A10CB6}",NA,NA,NA,NA,"2012/06/11",0,610333,2469.93,"FL,GA","03110103","Aucilla",4.08622399974,0.231906534958
"1400","{B1B792BC-9376-4916-991B-D5634DC19C2E}",NA,NA,NA,NA,"2012/06/11",0,1692606,6849.74,"FL,GA","03110201","Upper Suwannee",6.16066320807,0.645298447827
"1401","{2418DCAD-D286-49CE-A5E1-71D0341E3E52}",NA,NA,NA,NA,"2012/06/11",0,1152963,4665.88,"FL,GA","03110202","Alapaha",6.42856171879,0.441890509273
"1402","{48D0382B-5EC2-4466-8132-70CC28623330}",NA,NA,NA,NA,"2012/06/11",0,965586,3907.59,"FL,GA","03110203","Withlacoochee",6.95127589718,0.368574072204
"1403","{1B521268-F921-42CA-8D62-E9F0DE6098D7}",NA,NA,NA,NA,"2012/06/11",0,756795,3062.64,"FL,GA","03120001","Apalachee Bay-St. Marks",4.42429252819,0.28700896295
"1404","{0B4AE4F2-518F-4538-9B02-AEA9718E8338}",NA,NA,NA,NA,"2012/06/11",0,962412,3894.75,"GA","03060104","Broad",3.77201156863,0.38066694674
"1405","{2951E0A3-EC39-44DF-820C-01E4301DCA53}",NA,NA,NA,NA,"2012/06/11",0,491464,1988.89,"GA","03060105","Little",2.83471508128,0.193314848515
"1414","{47F1FC7F-4301-4806-A6B2-C25D64FB4710}",NA,NA,NA,NA,"2012/06/11",0,933506,3777.77,"KY,WV,VA","05070201","Tug",5.60745060563,0.411097022644
"1506","{045CDA43-8BE8-4F19-ABCE-C493C113701A}",NA,NA,NA,NA,"2012/06/11",0,542917,2197.11,"GA","03060108","Brier",4.12171591416,0.212428121399
"1507","{FD508415-D92C-4B87-AAF8-40B8E3EB9515}",NA,NA,NA,NA,"2012/06/11",0,1174587,4753.39,"GA","03060201","Upper Ogeechee",4.49289391951,0.45916672443
"1508","{5EE4D83B-8149-4825-92B2-5B9801822957}",NA,NA,NA,NA,"2012/06/11",0,758599,3069.94,"GA","03060202","Lower Ogeechee",3.80018441927,0.294685973141
"1509","{3BED49CE-E3F8-4DD3-B141-A8DA453D654C}",NA,NA,NA,NA,"2012/06/11",0,887653,3592.21,"GA","03060203","Canoochee",4.38878284179,0.344005008903
"1510","{3A11B535-0197-4771-A8BB-A001EB0F39CC}",NA,NA,NA,NA,"2012/06/11",0,977792,3956.99,"GA","03060204","Ogeechee Coastal",3.6875029112,0.376997297946
"1511","{224B949E-E695-4523-A52B-3E88F5AEAB71}",NA,NA,NA,NA,"2012/06/11",0,1866611,7553.91,"GA","03070101","Upper Oconee",4.9534877294,0.733996862414
"1512","{C79F60C7-A978-4552-9E2F-BE8CC639E41B}",NA,NA,NA,NA,"2012/06/11",0,1542991,6244.27,"GA","03070102","Lower Oconee",5.01786362293,0.600449872326
"1513","{49F67159-1647-4B79-8BBC-A96D604F2F32}",NA,NA,NA,NA,"2012/06/11",0,1904878,7708.77,"GA","03070103","Upper Ocmulgee",5.29705941965,0.745739886797
"1514","{E08BD283-619A-47D2-83AF-9DC332C34D68}",NA,NA,NA,NA,"2012/06/11",0,1488637,6024.31,"GA","03070104","Lower Ocmulgee",6.02400919821,0.575851145311
"1515","{5E81AFFD-9515-4466-8442-8DAC3DE61B5D}",NA,NA,NA,NA,"2012/06/11",0,514642,2082.68,"GA","03070105","Little Ocmulgee",2.98240312581,0.199162495302
"1516","{3991C9E0-85EE-4C12-9F2C-A338F36F8F8A}",NA,NA,NA,NA,"2012/06/11",0,1063853,4305.26,"GA","03070106","Altamaha",5.96994627069,0.409832925834
"1517","{C57EF1AA-2C55-4AE0-B9DC-C29977821A43}",NA,NA,NA,NA,"2012/06/11",0,860618,3482.8,"GA","03070107","Ohoopee",3.72122845683,0.334117807467
"1518","{FC7996C9-C1D0-48CC-BB68-F3613C47925A}",NA,NA,NA,NA,"2012/06/11",0,1655432,6699.3,"GA","03070201","Satilla",6.42701237025,0.635134718882
"1519","{06E40E6D-DBEC-48DC-BD45-FE836CE4A31C}",NA,NA,NA,NA,"2012/06/11",0,509166,2060.52,"GA","03070202","Little Satilla",3.00847050774,0.195915812606
"1520","{F055A62F-4A26-4150-A4F3-70691A90B0FD}",NA,NA,NA,NA,"2012/06/11",0,570981,2310.68,"GA","03110204","Little",3.32815752574,0.218769449763
"1521","{78AEDE9C-AE58-4C0A-ADF3-CA8D06D5C802}",NA,NA,NA,NA,"2012/06/11",0,594023,2403.93,"GA","03120002","Upper Ochlockonee",2.97812187147,0.226836469024
"1522","{FF771609-152D-446A-AEF6-FD53E5C4DACD}",NA,NA,NA,NA,"2012/06/11",0,1015885,4111.14,"GA","03130001","Upper Chattahoochee",4.77693168415,0.402355018173
"1523","{B69D3A35-984D-4B0C-9A7E-4428C351574B}",NA,NA,NA,NA,"2012/06/11",0,1685865,6822.46,"GA","03130005","Upper Flint",4.89845387581,0.656816249772
"1524","{053A42A3-0B53-42B6-93E4-AC64BEB3922A}",NA,NA,NA,NA,"2012/06/11",0,998424,4040.48,"GA","03130006","Middle Flint",4.75781706605,0.385330589087
"1525","{12AE93ED-CF58-4F1C-B1DE-42BA264D4B19}",NA,NA,NA,NA,"2012/06/11",0,705871,2856.56,"GA","03130007","Kinchafoonee-Muckalee",3.0340968257,0.272158185645
"1526","{9EEB18AA-C81E-485C-A376-897EBCF7EB5A}",NA,NA,NA,NA,"2012/06/11",0,816993,3306.26,"GA","03130008","Lower Flint",4.47871230514,0.312366663514
"1527","{15A52322-1FAA-47AF-91E0-7FAD27246160}",NA,NA,NA,NA,"2012/06/11",0,708030,2865.3,"GA","03130009","Ichawaynochaway",2.94769779057,0.271747926145
"1528","{E23205CB-B899-4315-8BB0-0D5B5EC9E0BE}",NA,NA,NA,NA,"2012/06/11",0,506027,2047.82,"GA","03130010","Spring",2.88733694737,0.193252814433
"1529","{8713F79B-D8CF-41B7-9014-E2FF6224251C}",NA,NA,NA,NA,"2012/06/11",0,466389,1887.41,"GA","03150101","Conasauga",2.62456556297,0.185624351903
"1530","{0FCBA8E9-77FB-4949-A50B-6CA3980B0077}",NA,NA,NA,NA,"2012/06/11",0,552511,2235.93,"GA","03150102","Coosawattee",3.06369017019,0.219269865735
"1531","{5ACC2319-C069-4CDB-A583-3ECF220E7735}",NA,NA,NA,NA,"2012/06/11",0,359900,1456.46,"GA","03150103","Oostanaula",2.19796066373,0.142570749459
"1532","{963DC691-3827-4E82-8AC8-B370AF745498}",NA,NA,NA,NA,"2012/06/11",0,1193693,4830.71,"GA","03150104","Etowah",4.92421893006,0.4717019163
"1533","{41DECED7-E062-46D8-B2F6-664B971BD606}",NA,NA,NA,NA,"2012/06/11",0,409570,1657.47,"GA","06020003","Ocoee",3.19799697205,0.163269979335
"1534","{95F7CC83-A056-49DE-AE77-6376CA768ADC}",NA,NA,NA,NA,"2012/06/11",0,1194412,4833.62,"AL,GA,TN","06020001","Middle Tennessee-Chickamauga",5.99773292155,0.477527705503
"1535","{29F993EF-2AD5-4AD9-A126-13DF76D9D158}",NA,NA,NA,NA,"2012/06/11",0,609980,2468.5,"GA,FL","03070203","Cumberland-St. Simons",3.28152869596,0.233486227946
"1536","{D5DCC350-28C7-45B7-93A8-F740C3EE905D}",NA,NA,NA,NA,"2012/06/11",0,1316170,5326.36,"GA,NC,TN","06020002","Hiwassee",6.28674695981,0.526814822729
"1537","{E8A69A32-6A47-401F-A361-B2236BAE3061}",NA,NA,NA,NA,"2012/06/11",0,643105,2602.56,"GA","03060109","Lower Savannah",3.88112136567,0.249751438162
"1622","{0DD25F4A-CC77-48F7-A4AD-7F697B6F8908}",NA,NA,NA,NA,"2012/06/11",0,773529,3130.36,"LA,MS","03180005","Bogue Chitto",4.5191793648,0.296120481092
"1623","{39678F67-F631-47BF-BF6B-CA088C52925F}",NA,NA,NA,NA,"2012/06/11",0,128233,518.94,"LA,MS","08030208","Lower Yazoo",1.47703995369,0.0498001638488
"1624","{47ADCFE2-0EFF-4A14-AC1A-70EDC2C1FFA6}",NA,NA,NA,NA,"2012/06/11",0,526879,2132.21,"LA,MS","08030209","Deer-Steele",4.21197052912,0.205691642164
"1625","{5829155A-71BA-42B1-BC1B-C5E40FB9DE9C}",NA,NA,NA,NA,"2012/06/11",0,443056,1792.99,"LA,MS","08060100","Lower Mississippi-Natchez",5.65651079186,0.170676082737
"1628","{3AC2485E-F748-4A45-8798-C783623CB505}",NA,NA,NA,NA,"2012/06/11",0,384640,1556.58,"AR,LA,MS","08030100","Lower Mississippi-Greenville",4.97270631069,0.150416091102
"1744","{81511A1C-650C-47C1-858A-971ABC71CCB2}",NA,NA,NA,NA,"2012/06/11",0,712657,2884.02,"KY","05070203","Lower Levisa",4.87329899891,0.294451899949
"1745","{F4A945D5-BA8C-4AFC-A2DE-51E801521259}",NA,NA,NA,NA,"2012/06/11",0,262664,1062.96,"KY","05070204","Big Sandy",2.57736016308,0.10921956058
"1746","{C0C2B06C-3D92-424D-9554-476378A3629E}",NA,NA,NA,NA,"2012/06/11",0,463506,1875.74,"KY","05090104","Little Sandy",3.02029262332,0.193105675897
"1747","{1C6C2FE5-DFB4-4518-AEC2-975FE9ADA6B2}",NA,NA,NA,NA,"2012/06/11",0,1778227,7196.24,"KY","05100101","Licking",8.78897969686,0.740905677332
"1748","{26E0F4F3-D9F5-4297-BBED-1197DDEF9D0F}",NA,NA,NA,NA,"2012/06/11",0,593408,2401.44,"KY","05100102","South Fork Licking",3.43362594367,0.247306141913
"1749","{74B3915A-A274-4B4F-9021-B3DB846DFE05}",NA,NA,NA,NA,"2012/06/11",0,847273,3428.8,"KY","05100201","North Fork Kentucky",4.72763205894,0.348747608063
"1750","{CD8574D1-A34D-452A-BA02-958FBC5530BB}",NA,NA,NA,NA,"2012/06/11",0,357842,1448.14,"KY","05100202","Middle Fork Kentucky",3.37017917985,0.146965185937
"1751","{3240E48D-FAE3-4BBB-95AC-8280E9A3C50F}",NA,NA,NA,NA,"2012/06/11",0,478701,1937.24,"KY","05100203","South Fork Kentucky",3.48060355163,0.196629147352
"1752","{1967DB40-AB22-4924-8F34-937362A199D4}",NA,NA,NA,NA,"2012/06/11",0,699983,2832.73,"KY","05100204","Upper Kentucky",4.71709532745,0.289406191437
"1753","{ADB670DB-8BC9-4518-A176-F8870A7BB3E3}",NA,NA,NA,NA,"2012/06/11",0,2074121,8393.68,"KY","05100205","Lower Kentucky",7.53958039126,0.861906736195
"1754","{5A04B9F3-0F43-49EC-8432-F0C81B44E665}",NA,NA,NA,NA,"2012/06/11",0,2009875,8133.68,"KY","05110001","Upper Green",7.43953648603,0.826501853778
"1755","{7998AF62-7A6A-4EF0-B73B-E681E45E1D61}",NA,NA,NA,NA,"2012/06/11",0,1449591,5866.29,"KY","05110002","Barren",4.98748060047,0.592497356566
"1756","{EBB65B34-F60D-4549-8F74-613DA4839109}",NA,NA,NA,NA,"2012/06/11",0,657653,2661.43,"KY","05110003","Middle Green",3.88335133098,0.269992346729
"1757","{94BB33B9-2F58-4973-B87E-4C162E0FD93F}",NA,NA,NA,NA,"2012/06/11",0,691786,2799.56,"KY","05110004","Rough",4.05509714183,0.285501022029
"1758","{5568477C-69DE-47CA-BD94-74B77563B5F0}",NA,NA,NA,NA,"2012/06/11",0,590743,2390.65,"KY","05110005","Lower Green",4.16627276822,0.244125918729
"1759","{B2B1891C-591A-4231-989C-EAAE105101DA}",NA,NA,NA,NA,"2012/06/11",0,510202,2064.72,"KY","05110006","Pond",3.11013570001,0.209613794384
"1760","{62EEBBE6-9F65-4646-BAB1-F80C7FFC9C7A}",NA,NA,NA,NA,"2012/06/11",0,488644,1977.47,"KY","05130102","Rockcastle",3.22912865065,0.20091298304
"1761","{2A712476-EC0F-46E8-A3BA-E6B573CBB96D}",NA,NA,NA,NA,"2012/06/11",0,1204574,4874.74,"KY","05130103","Upper Cumberland-Lake Cumberland",6.44099599513,0.49321914638
"1762","{3FB598B2-4492-443B-9BE0-E335567FBDA7}",NA,NA,NA,NA,"2012/06/11",0,940287,3805.21,"KY","05140102","Salt",5.88349037526,0.390631049102
"1763","{DAC4D3B2-8109-4ED4-8666-68ED098B6E54}",NA,NA,NA,NA,"2012/06/11",0,927667,3754.14,"KY","05140103","Rolling Fork",4.24453923514,0.383478762126
"1764","{E5591E22-A62A-4F6E-BCC8-EE484EE7A57D}",NA,NA,NA,NA,"2012/06/11",0,603432,2442,"KY","05140205","Tradewater",3.34992098025,0.248208147186
"1765","{55FB2512-E7A6-441C-8AFE-BD76336254BB}",NA,NA,NA,NA,"2012/06/11",0,446621,1807.41,"KY","06040006","Lower Tennessee",2.928082083,0.182535071916
"1766","{C0F1B24A-D3EA-4352-B538-040198B5E2B9}",NA,NA,NA,NA,"2012/06/11",0,591339,2393.07,"IL,KY","05140206","Lower Ohio",4.64935626834,0.243008505601
"1767","{30101596-9EA5-4707-9896-BF91DBEC23CA}",NA,NA,NA,NA,"2012/06/11",0,1214823,4916.22,"IN,KY","05140104","Blue-Sinking",5.04187803932,0.505443298827
"1768","{4C73C31A-65ED-4C3A-840C-AB124268E535}",NA,NA,NA,NA,"2012/06/11",0,892937,3613.59,"IN,IL,KY","05140201","Lower Ohio-Little Pigeon",4.52821949178,0.370654511852
"1769","{60405594-B141-42F9-9604-F210873B82C4}",NA,NA,NA,NA,"2012/06/11",0,663863,2686.56,"IN,KY,IL","05140202","Highland-Pigeon",4.4458495705,0.275293775135
"1770","{B06AB61B-74F9-4FAC-8EF2-C20F0562FAE0}",NA,NA,NA,NA,"2012/06/11",0,644941,2609.99,"KY,OH","05090103","Little Scioto-Tygarts",5.16132078966,0.270044073751
"1771","{2E866334-4E5E-48A7-A08E-480C3F6084B7}",NA,NA,NA,NA,"2012/06/11",0,1343920,5438.66,"KY,OH","05090201","Ohio Brush-Whiteoak",6.77896501065,0.563997955052
"1772","{99127785-50D5-4665-B04C-1C4ADD30E7BD}",NA,NA,NA,NA,"2012/06/11",0,621102,2513.51,"KY","08010201","Bayou De Chien-Mayfield",3.13003066659,0.253573673138
"1906","{C843A425-1DD2-4582-A6C2-0866C56861C8}",NA,NA,NA,NA,"2012/06/11",0,668860,2706.78,"IL,KY","05140203","Lower Ohio-Bay",4.6246671937,0.275598645534
"1934","{F9073439-4170-43EE-A76C-31CA111C2E21}",NA,NA,NA,NA,"2012/06/11",0,807364,3267.29,"IN,KY","05140101","Silver-Little Kentucky",4.72158816375,0.33743633072
"1940","{9B302DAB-C9D6-48FE-B29C-A0C1CC2B473A}",NA,NA,NA,NA,"2012/06/11",0,835073,3379.42,"NC","03020101","Upper Tar",4.28756955813,0.338252623669
"1941","{626DC6A5-FE7C-448D-8D77-ACDE4933B9AC}",NA,NA,NA,NA,"2012/06/11",0,614545,2486.98,"NC","03020103","Lower Tar",2.97437130633,0.247793422977
"1942","{DA444DC2-2005-4955-BB40-FA413870AEC9}",NA,NA,NA,NA,"2012/06/11",0,645468,2612.12,"NC","03020203","Contentnea",3.46132342129,0.25985972444
"2105","{3639B20B-E3C6-4B04-BD6F-4AA7AEA8C85D}",NA,NA,NA,NA,"2012/06/11",0,437201,1769.29,"MS","03160102","Town",2.64290116835,0.173169986635
"2106","{37852256-6011-48AA-86B0-1C680E15F831}",NA,NA,NA,NA,"2012/06/11",0,715150,2894.11,"MS","03160104","Tibbee",3.21906865846,0.281502811687
"2107","{4506523F-3920-403B-A645-AC4BD92F59DD}",NA,NA,NA,NA,"2012/06/11",0,581051,2351.43,"MS","03170001","Chunky-Okatibbee",2.96625452707,0.225481121768
"2108","{94A513E5-E1A8-4EDF-A350-D768F2DFFB76}",NA,NA,NA,NA,"2012/06/11",0,1121958,4540.41,"MS","03170004","Upper Leaf",4.13513116722,0.432448599949
"2109","{C49783AF-3E28-42DC-8DC5-5BD9044669F9}",NA,NA,NA,NA,"2012/06/11",0,390563,1580.55,"MS","03170006","Pascagoula",3.52344164058,0.148843797704
"2110","{9F4B0EB8-6096-4A68-9B05-3053CCDAF11B}",NA,NA,NA,NA,"2012/06/11",0,811048,3282.2,"MS","03170007","Black",4.41885673822,0.30998588242
"2111","{C91D221F-E1A5-44C0-8D68-E0EED73FFCB5}",NA,NA,NA,NA,"2012/06/11",0,1576208,6378.69,"MS","03180001","Upper Pearl",5.00323872316,0.61432762637
"2112","{55792AB9-1F31-49D2-B437-DEBE57FC58EE}",NA,NA,NA,NA,"2012/06/11",0,1265173,5119.98,"MS","03180002","Middle Pearl-Strong",4.15842406703,0.489818911845
"2113","{61631082-2963-472C-B84B-E0040BF5C778}",NA,NA,NA,NA,"2012/06/11",0,779908,3156.18,"MS","03180003","Middle Pearl-Silver",3.38543539001,0.299990899962
"2114","{72140A72-B525-4574-B77A-AE4B00AF7093}",NA,NA,NA,NA,"2012/06/11",0,1054998,4269.43,"MS","08030201","Little Tallahatchie",4.54627862167,0.419209522959
"2115","{2771CC97-0C9A-4B90-8C3F-765E2F2A764E}",NA,NA,NA,NA,"2012/06/11",0,676115,2736.14,"MS","08030202","Tallahatchie",6.09880466591,0.267382942753
"2116","{DB2FE1CD-E8A7-48D5-8E45-E8D8C283AF3D}",NA,NA,NA,NA,"2012/06/11",0,1192922,4827.59,"MS","08030204","Coldwater",5.10537256481,0.474919451363
"2117","{2A65A8FC-2633-4FD0-A488-E0006A57DBF5}",NA,NA,NA,NA,"2012/06/11",0,1462363,5917.98,"MS","08030205","Yalobusha",5.25166877367,0.576364850858
"2118","{CCBA7D81-0C5B-48D8-91D3-DF47A178072C}",NA,NA,NA,NA,"2012/06/11",0,1071356,4335.63,"MS","08030206","Upper Yazoo",4.14304920965,0.4189699266
"2119","{8E9DF81F-C2B3-4E4A-8046-2642B87076B9}",NA,NA,NA,NA,"2012/06/11",0,2018826,8169.91,"MS","08030207","Big Sunflower",7.45343015879,0.793151086727
"2120","{F8E5F829-A3C5-4D2E-9EAD-AFFDDBEC526A}",NA,NA,NA,NA,"2012/06/11",0,946850,3831.77,"MS","08060201","Upper Big Black",4.57900503195,0.370968145451
"2121","{A74ACF5D-31CE-42F5-880F-3C588F555745}",NA,NA,NA,NA,"2012/06/11",0,1219287,4934.28,"MS","08060202","Lower Big Black",5.59059655142,0.473502738129
"2122","{ACFDA6EB-73E2-468C-B011-AE493E910097}",NA,NA,NA,NA,"2012/06/11",0,685037,2772.25,"MS,LA","08060203","Bayou Pierre",3.47528720126,0.264338023042
"2123","{2DC4C7FF-E13A-4FA1-9230-633F1AD5892F}",NA,NA,NA,NA,"2012/06/11",0,234774,950.1,"MS,LA","08060204","Coles Creek",1.73792970541,0.0903955008026
"2124","{88D18EAA-D0A6-4F6D-ABD8-B4ECA15B6A9F}",NA,NA,NA,NA,"2012/06/11",0,764046,3091.99,"MS","08060205","Homochitto",3.71744279533,0.293462462629
"2125","{9DF0B456-8F45-4067-9AB7-BECE330B3171}",NA,NA,NA,NA,"2012/06/11",0,237248,960.11,"MS","08060206","Buffalo",2.06605854451,0.0908479857516
"2126","{3C2F8BCC-6FC5-432B-8766-08C2F77707AA}",NA,NA,NA,NA,"2012/06/11",0,1150142,4654.46,"AL,MS","03160101","Upper Tombigbee",6.05345914427,0.455333755652
"2127","{CC2EFAD9-EEE5-4776-A5CB-B2C3E426F5D4}",NA,NA,NA,NA,"2012/06/11",0,553386,2239.48,"AL","03160103","Buttahatchee",3.57282268011,0.21864634615
"2128","{65605102-ABDF-40E8-B780-054751B01B61}",NA,NA,NA,NA,"2012/06/11",0,623390,2522.77,"AL,MS","03160202","Sucarnoochee",3.43429482504,0.242324710356
"2129","{818DDF0F-7475-4276-80E1-0B73B57B4FCC}",NA,NA,NA,NA,"2012/06/11",0,425253,1720.94,"MS,AL","03170003","Lower Chickasawhay",2.778802118,0.163047375472
"2130","{5A6D5E70-504F-42E5-BFBB-A47AB5D67932}",NA,NA,NA,NA,"2012/06/11",0,668343,2704.69,"AL","03170008","Escatawpa",4.3851047445,0.255239575421
"2131","{FA257971-07B6-4BAD-A7EB-D87111D98160}",NA,NA,NA,NA,"2012/06/11",0,1566892,6340.99,"AL,MS","03170009","Mississippi Coastal",6.35424779165,0.595644309117
"2132","{91D4207E-5141-4525-B7D4-C18BEE0A1AA0}",NA,NA,NA,NA,"2012/06/11",0,1165756,4717.65,"LA,MS","03180004","Lower Pearl",4.75865276936,0.444910889429
"2133","{4216A868-AC5B-4D23-BF5F-384621B221FA}",NA,NA,NA,NA,"2012/06/11",0,733385,2967.91,"MS,TN","08010207","Upper Hatchie",3.31650447329,0.292842597443
"2134","{3C32BF85-773B-4C0C-A2ED-DBAFA3364878}",NA,NA,NA,NA,"2012/06/11",0,521687,2111.19,"MS,TN","08010210","Wolf",3.53676054733,0.208601480887
"2206","{737701D9-D0E4-42FD-BECF-50CB7A557E4E}",NA,NA,NA,NA,"2012/06/11",0,2726072,11032.03,"NC","03010205","Albemarle",6.42206169709,1.12086258428
"2207","{90893D3B-D3DC-4598-834B-517F1E02CC9A}",NA,NA,NA,NA,"2012/06/11",0,572178,2315.52,"NC","03020102","Fishing",3.34221125322,0.232137565605
"2208","{F520399F-E70A-4BA1-808E-88950DAF17D5}",NA,NA,NA,NA,"2012/06/11",0,836252,3384.19,"NC","03020104","Pamlico",3.22224987324,0.336216190957
"2209","{FBD90088-665C-4872-B260-D4B8A2FE0B6E}",NA,NA,NA,NA,"2012/06/11",0,1249491,5056.52,"NC","03020105","Pamlico Sound",4.64448128779,0.500944601537
"2210","{284C685F-1D0F-4FBA-A149-FC2DDC099ECA}",NA,NA,NA,NA,"2012/06/11",0,1539930,6231.88,"NC","03020201","Upper Neuse",5.67588495769,0.621126738642
"2211","{30075BED-99D6-4BC6-A4BC-B6D04BC69949}",NA,NA,NA,NA,"2012/06/11",0,1013201,4100.28,"NC","03020204","Lower Neuse",4.41175720004,0.405085999672
"2212","{BE9AF0AF-35BA-4938-9345-746CDC520685}",NA,NA,NA,NA,"2012/06/11",0,596883,2415.5,"NC","03020301","White Oak River",3.17910251018,0.237805725027
"2213","{552AF5D8-63AD-4A7D-8B8C-8FE8A5A7512F}",NA,NA,NA,NA,"2012/06/11",0,570537,2308.88,"NC","03020302","New River",5.0784484457,0.226631221017
"2214","{EE4CF6AB-BDFA-43DC-9DB8-243590D75108}",NA,NA,NA,NA,"2012/06/11",0,1092830,4422.53,"NC","03030002","Haw",4.48657602324,0.442137584506
